-- phpMyAdmin SQL Dump
-- version 5.2.0
-- https://www.phpmyadmin.net/
--
-- Host: 127.0.0.1
-- Generation Time: Jun 29, 2023 at 01:15 PM
-- Server version: 10.4.21-MariaDB
-- PHP Version: 8.0.10

SET SQL_MODE = "NO_AUTO_VALUE_ON_ZERO";
START TRANSACTION;
SET time_zone = "+00:00";


/*!40101 SET @OLD_CHARACTER_SET_CLIENT=@@CHARACTER_SET_CLIENT */;
/*!40101 SET @OLD_CHARACTER_SET_RESULTS=@@CHARACTER_SET_RESULTS */;
/*!40101 SET @OLD_COLLATION_CONNECTION=@@COLLATION_CONNECTION */;
/*!40101 SET NAMES utf8mb4 */;

--
-- Database: `db_saw`
--

-- --------------------------------------------------------

--
-- Table structure for table `saw_alternatives`
--

CREATE TABLE `saw_alternatives` (
  `id_alternative` smallint(5) UNSIGNED NOT NULL,
  `name` varchar(30) NOT NULL
) ENGINE=MyISAM DEFAULT CHARSET=latin1;

--
-- Dumping data for table `saw_alternatives`
--

INSERT INTO `saw_alternatives` (`id_alternative`, `name`) VALUES
(1, 'Wahyudin'),
(2, 'Rizky Febdriasyah Lexsi'),
(3, 'Jonathan Tinambunan'),
(4, 'Nurhena'),
(5, 'Reza Martinus Papilaya'),
(6, 'Muhammad Hafidz');

-- --------------------------------------------------------

--
-- Table structure for table `saw_criterias`
--

CREATE TABLE `saw_criterias` (
  `id_criteria` tinyint(3) UNSIGNED NOT NULL,
  `criteria` varchar(100) NOT NULL,
  `weight` float NOT NULL,
  `attribute` set('benefit','cost') DEFAULT NULL
) ENGINE=MyISAM DEFAULT CHARSET=latin1;

--
-- Dumping data for table `saw_criterias`
--

INSERT INTO `saw_criterias` (`id_criteria`, `criteria`, `weight`, `attribute`) VALUES
(1, 'Pengalaman Kerja', 30, 'benefit'),
(2, 'Pendidikan', 25, 'benefit'),
(3, 'Kemampuan Komunikasi', 20, 'cost'),
(4, 'Keterampilan Teknis', 15, 'cost'),
(5, 'Kepemimpinan', 10, 'benefit');

-- --------------------------------------------------------

--
-- Table structure for table `saw_evaluations`
--

CREATE TABLE `saw_evaluations` (
  `id_alternative` smallint(5) UNSIGNED NOT NULL,
  `id_criteria` tinyint(3) UNSIGNED NOT NULL,
  `value` float NOT NULL
) ENGINE=MyISAM DEFAULT CHARSET=latin1;

--
-- Dumping data for table `saw_evaluations`
--

INSERT INTO `saw_evaluations` (`id_alternative`, `id_criteria`, `value`) VALUES
(1, 5, 1),
(1, 4, 1),
(1, 3, 0.5),
(1, 1, 1),
(2, 1, 0.5),
(2, 3, 1),
(2, 4, 0.5),
(3, 1, 0.5),
(3, 3, 1),
(3, 4, 1),
(4, 1, 0.5),
(4, 3, 0.5),
(4, 4, 1),
(5, 3, 0.5),
(5, 1, 0.5),
(5, 4, 1);

-- --------------------------------------------------------

--
-- Table structure for table `saw_users`
--

CREATE TABLE `saw_users` (
  `id_user` int(11) NOT NULL,
  `username` varchar(50) DEFAULT NULL,
  `password` varchar(150) DEFAULT NULL
) ENGINE=InnoDB DEFAULT CHARSET=latin1;

--
-- Dumping data for table `saw_users`
--

INSERT INTO `saw_users` (`id_user`, `username`, `password`) VALUES
(1, 'admin', '21232f297a57a5a743894a0e4a801fc3');

--
-- Indexes for dumped tables
--

--
-- Indexes for table `saw_alternatives`
--
ALTER TABLE `saw_alternatives`
  ADD PRIMARY KEY (`id_alternative`);

--
-- Indexes for table `saw_criterias`
--
ALTER TABLE `saw_criterias`
  ADD PRIMARY KEY (`id_criteria`);

--
-- Indexes for table `saw_evaluations`
--
ALTER TABLE `saw_evaluations`
  ADD PRIMARY KEY (`id_alternative`,`id_criteria`);

--
-- Indexes for table `saw_users`
--
ALTER TABLE `saw_users`
  ADD PRIMARY KEY (`id_user`);

--
-- AUTO_INCREMENT for dumped tables
--

--
-- AUTO_INCREMENT for table `saw_alternatives`
--
ALTER TABLE `saw_alternatives`
  MODIFY `id_alternative` smallint(5) UNSIGNED NOT NULL AUTO_INCREMENT, AUTO_INCREMENT=9;

--
-- AUTO_INCREMENT for table `saw_users`
--
ALTER TABLE `saw_users`
  MODIFY `id_user` int(11) NOT NULL AUTO_INCREMENT, AUTO_INCREMENT=2;
COMMIT;

/*!40101 SET CHARACTER_SET_CLIENT=@OLD_CHARACTER_SET_CLIENT */;
/*!40101 SET CHARACTER_SET_RESULTS=@OLD_CHARACTER_SET_RESULTS */;
/*!40101 SET COLLATION_CONNECTION=@OLD_COLLATION_CONNECTION */;
